-- phpMyAdmin SQL Dump
-- version 5.1.1
-- https://www.phpmyadmin.net/
--
-- Хост: 127.0.0.1
-- Време на генериране: 15 май 2022 в 10:08
-- Версия на сървъра: 10.4.22-MariaDB
-- Версия на PHP: 8.0.15

SET SQL_MODE = "NO_AUTO_VALUE_ON_ZERO";
START TRANSACTION;
SET time_zone = "+00:00";


/*!40101 SET @OLD_CHARACTER_SET_CLIENT=@@CHARACTER_SET_CLIENT */;
/*!40101 SET @OLD_CHARACTER_SET_RESULTS=@@CHARACTER_SET_RESULTS */;
/*!40101 SET @OLD_COLLATION_CONNECTION=@@COLLATION_CONNECTION */;
/*!40101 SET NAMES utf8mb4 */;

--
-- База данни: `mvc_testing`
--

-- --------------------------------------------------------

--
-- Структура на таблица `client`
--

DROP TABLE IF EXISTS `client`;
CREATE TABLE `client` (
  `Id` int(11) UNSIGNED NOT NULL,
  `owner_id` int(11) NOT NULL,
  `createdBy_id` int(11) NOT NULL,
  `name` varchar(255) NOT NULL,
  `address` varchar(255) NOT NULL,
  `email` varchar(255) NOT NULL,
  `phone` varchar(255) NOT NULL,
  `vat` varchar(255) NOT NULL,
  `status` smallint(3) NOT NULL,
  `created_at` datetime NOT NULL,
  `updated_at` datetime NOT NULL,
  `service` smallint(3) NOT NULL
) ENGINE=InnoDB DEFAULT CHARSET=utf8;

-- --------------------------------------------------------

--
-- Структура на таблица `message`
--

DROP TABLE IF EXISTS `message`;
CREATE TABLE `message` (
  `Id` int(11) NOT NULL,
  `name` varchar(255) NOT NULL,
  `email` varchar(255) NOT NULL,
  `message` varchar(1024) NOT NULL,
  `created_at` datetime NOT NULL
) ENGINE=InnoDB DEFAULT CHARSET=utf8;

--
-- Схема на данните от таблица `message`
--

INSERT INTO `message` (`Id`, `name`, `email`, `message`, `created_at`) VALUES
(1, 'test', 'drashko1979@gmail.com', 'test mesg', '2022-05-10 19:50:27');

-- --------------------------------------------------------

--
-- Структура на таблица `permission`
--

DROP TABLE IF EXISTS `permission`;
CREATE TABLE `permission` (
  `Id` int(11) NOT NULL,
  `name` varchar(255) NOT NULL,
  `description` varchar(255) NOT NULL,
  `code` varchar(32) NOT NULL,
  `created_at` datetime NOT NULL,
  `updated_at` datetime NOT NULL
) ENGINE=InnoDB DEFAULT CHARSET=utf8;

--
-- Схема на данните от таблица `permission`
--

INSERT INTO `permission` (`Id`, `name`, `description`, `code`, `created_at`, `updated_at`) VALUES
(1, 'user_view', '', 'USER', '2022-05-10 06:05:31', '2022-05-10 06:11:31'),
(2, 'user_create', '', 'USER', '2022-05-10 06:27:31', '2022-05-10 06:33:31'),
(3, 'user_update', '', 'USER', '2022-05-10 06:48:31', '2022-05-11 04:26:09'),
(4, 'user_delete', '', 'USER', '2022-05-10 06:59:31', '2022-05-11 04:34:09');

-- --------------------------------------------------------

--
-- Структура на таблица `project`
--

DROP TABLE IF EXISTS `project`;
CREATE TABLE `project` (
  `Id` int(11) NOT NULL,
  `manager_id` int(11) NOT NULL,
  `client_id` int(11) NOT NULL,
  `name` varchar(255) NOT NULL,
  `description` varchar(255) NOT NULL,
  `start_date` datetime NOT NULL,
  `end_date` datetime NOT NULL,
  `created_at` datetime NOT NULL,
  `updated_at` datetime NOT NULL,
  `status` varchar(255) NOT NULL
) ENGINE=InnoDB DEFAULT CHARSET=utf8;

-- --------------------------------------------------------

--
-- Структура на таблица `role`
--

DROP TABLE IF EXISTS `role`;
CREATE TABLE `role` (
  `Id` int(11) NOT NULL,
  `name` varchar(255) NOT NULL,
  `description` varchar(255) NOT NULL,
  `created_at` datetime NOT NULL,
  `updated_at` datetime NOT NULL
) ENGINE=InnoDB DEFAULT CHARSET=utf8;

--
-- Схема на данните от таблица `role`
--

INSERT INTO `role` (`Id`, `name`, `description`, `created_at`, `updated_at`) VALUES
(1, 'Super Administrator', '', '2022-05-10 06:12:27', '2022-05-10 06:12:27'),
(2, 'Administrator', '', '2022-05-10 06:21:27', '2022-05-10 06:21:27'),
(3, 'Clinet', '', '2022-05-10 06:29:28', '2022-05-10 06:29:28'),
(4, 'Customer', '', '2022-05-10 06:38:28', '2022-05-10 06:38:28'),
(5, 'User', '', '2022-05-10 06:54:28', '2022-05-10 06:54:28'),
(6, 'Guest', '', '2022-05-10 06:04:29', '2022-05-10 06:04:29');

-- --------------------------------------------------------

--
-- Структура на таблица `role_permission`
--

DROP TABLE IF EXISTS `role_permission`;
CREATE TABLE `role_permission` (
  `Id` int(11) UNSIGNED NOT NULL,
  `role_id` int(11) UNSIGNED NOT NULL,
  `permission_id` int(11) UNSIGNED NOT NULL,
  `created_at` varchar(255) NOT NULL,
  `updated_at` varchar(255) NOT NULL
) ENGINE=InnoDB DEFAULT CHARSET=utf8;

--
-- Схема на данните от таблица `role_permission`
--

INSERT INTO `role_permission` (`Id`, `role_id`, `permission_id`, `created_at`, `updated_at`) VALUES
(1, 1, 1, '2022-05-10 18:32:17', '2022-05-10 18:32:17'),
(2, 1, 2, '2022-05-10 18:32:17', '2022-05-10 18:32:17'),
(3, 1, 3, '2022-05-10 18:32:17', '2022-05-10 18:32:17'),
(4, 1, 4, '2022-05-10 18:32:17', '2022-05-10 18:32:17'),
(5, 2, 1, '2022-05-10 18:45:07', '2022-05-10 18:45:07'),
(6, 2, 2, '2022-05-10 18:45:07', '2022-05-10 18:45:07'),
(7, 2, 3, '2022-05-10 18:45:07', '2022-05-10 18:45:07'),
(8, 4, 1, '2022-05-13 10:51:57', '2022-05-13 10:51:57'),
(9, 4, 2, '2022-05-13 10:51:57', '2022-05-13 10:51:57'),
(10, 5, 1, '2022-05-13 10:52:05', '2022-05-13 10:52:05');

-- --------------------------------------------------------

--
-- Структура на таблица `users`
--

DROP TABLE IF EXISTS `users`;
CREATE TABLE `users` (
  `Id` int(11) NOT NULL,
  `role_id` int(11) NOT NULL,
  `name` varchar(255) NOT NULL,
  `email` varchar(255) NOT NULL,
  `password` varchar(255) NOT NULL,
  `phone` varchar(255) NOT NULL,
  `address` varchar(255) NOT NULL,
  `status` varchar(32) NOT NULL,
  `failed_logins` int(11) NOT NULL,
  `last_failed_login` datetime DEFAULT NULL,
  `created_at` timestamp NOT NULL DEFAULT current_timestamp() ON UPDATE current_timestamp(),
  `updated_at` datetime NOT NULL,
  `service` tinyint(3) NOT NULL
) ENGINE=InnoDB DEFAULT CHARSET=utf8;

--
-- Схема на данните от таблица `users`
--

INSERT INTO `users` (`Id`, `role_id`, `name`, `email`, `password`, `phone`, `address`, `status`, `failed_logins`, `last_failed_login`, `created_at`, `updated_at`, `service`) VALUES
(1, 1, 'dr', 'drashko1979@gmail.com', '$2y$10$XXGb10fzWQ9d1QimpJGKuu93hRTT/A4eyabQQ9DNUlsrxrnb.S85u', '', '', 'active', 0, NULL, '2022-05-13 08:46:12', '0000-00-00 00:00:00', 0),
(2, 2, 'Worthington', 'whanlon0@sina.com.cn', '', '', '311 Sullivan Parkway', 'pending', 0, NULL, '2022-05-13 08:48:40', '0000-00-00 00:00:00', 0),
(3, 2, 'Pepito', 'pwabersich1@umich.edu', '', '', '11351 Graceland Park', 'pending', 0, NULL, '2022-05-13 08:48:40', '0000-00-00 00:00:00', 0),
(4, 2, 'Lily', 'lmclevie2@yellowpages.com', '', '', '14 Stone Corner Street', 'pending', 0, NULL, '2022-05-13 08:48:40', '0000-00-00 00:00:00', 0),
(5, 2, 'Jayme', 'jmcmeekin3@mediafire.com', '', '', '1604 Hansons Hill', 'pending', 0, NULL, '2022-05-13 08:48:40', '0000-00-00 00:00:00', 0),
(7, 2, 'Heindrick', 'horsay5@cbslocal.com', '', '', '8792 Memorial Court', 'pending', 0, NULL, '2022-05-13 08:48:40', '0000-00-00 00:00:00', 0),
(8, 2, 'Robin', 'rmole6@trellian.com', '', '', '974 Monterey Way', 'pending', 0, NULL, '2022-05-13 08:48:40', '0000-00-00 00:00:00', 0),
(9, 2, 'Elinor', 'emcalinden7@whitehouse.gov', '', '', '3 Mosinee Pass', 'pending', 0, NULL, '2022-05-13 08:48:40', '0000-00-00 00:00:00', 0),
(10, 2, 'Judith', 'jbelsham8@google.ca', '', '', '69 Dapin Drive', 'pending', 0, NULL, '2022-05-13 08:48:40', '0000-00-00 00:00:00', 0),
(11, 2, 'Benedicta', 'bchateau9@usa.gov', '', '', '85135 Dovetail Hill', 'pending', 0, NULL, '2022-05-13 08:48:40', '0000-00-00 00:00:00', 0),
(12, 2, 'Victor', 'vstenninga@bloglovin.com', '', '', '0523 Bonner Junction', 'pending', 0, NULL, '2022-05-13 08:48:40', '0000-00-00 00:00:00', 0),
(13, 2, 'Kristoforo', 'kravenscrofttb@china.com.cn', '', '', '670 Ridgeway Park', 'pending', 0, NULL, '2022-05-13 08:48:40', '0000-00-00 00:00:00', 0),
(14, 2, 'Gale', 'gbrackleyc@sitemeter.com', '', '', '8647 Sachs Court', 'pending', 0, NULL, '2022-05-13 08:48:40', '0000-00-00 00:00:00', 0),
(15, 2, 'Lauraine', 'lpointerd@1688.com', '', '', '828 David Road', 'pending', 0, NULL, '2022-05-13 08:48:40', '0000-00-00 00:00:00', 0),
(16, 2, 'Kerry', 'kraysone@prlog.org', '', '', '07767 Trailsway Alley', 'pending', 0, NULL, '2022-05-13 08:48:40', '0000-00-00 00:00:00', 0),
(17, 2, 'Jo-ann', 'jgarrowf@vimeo.com', '', '', '50693 Almo Street', 'pending', 0, NULL, '2022-05-13 08:48:40', '0000-00-00 00:00:00', 0),
(18, 2, 'Kermy', 'kguntripg@skyrock.com', '', '', '60 Mockingbird Drive', 'pending', 0, NULL, '2022-05-13 08:48:40', '0000-00-00 00:00:00', 0),
(19, 2, 'Allx', 'agraylandh@bravesites.com', '', '', '31 North Trail', 'pending', 0, NULL, '2022-05-13 08:48:40', '0000-00-00 00:00:00', 0),
(20, 2, 'Erwin', 'estodarti@mapy.cz', '', '', '584 Riverside Park', 'active', 0, NULL, '2022-05-13 08:46:12', '0000-00-00 00:00:00', 0),
(21, 2, 'Mariya', 'mdampneyj@prlog.org', '', '', '06 Springs Parkway', 'active', 0, NULL, '2022-05-13 08:46:12', '0000-00-00 00:00:00', 0),
(22, 2, 'Brigitte', 'bfennellyk@ibm.com', '', '', '6330 Sloan Pass', 'active', 0, NULL, '2022-05-13 08:46:12', '0000-00-00 00:00:00', 0),
(23, 2, 'Norton', 'nfautlyl@icq.com', '', '', '3768 Oak Valley Hill', 'active', 0, NULL, '2022-05-13 08:46:12', '0000-00-00 00:00:00', 0),
(24, 2, 'Tailor', 'tfellosm@altervista.org', '', '', '4866 Eastlawn Center', 'active', 0, NULL, '2022-05-13 08:46:12', '0000-00-00 00:00:00', 0),
(25, 2, 'Sabina', 'sshieln@joomla.org', '', '', '357 Jana Circle', 'active', 0, NULL, '2022-05-13 08:46:12', '0000-00-00 00:00:00', 0),
(26, 2, 'Antonella', 'aferriso@geocities.com', '', '', '387 2nd Junction', 'active', 0, NULL, '2022-05-13 08:46:12', '0000-00-00 00:00:00', 0),
(27, 2, 'Patience', 'pbrookfieldp@cpanel.net', '', '', '9399 Elgar Drive', 'active', 0, NULL, '2022-05-13 08:46:12', '0000-00-00 00:00:00', 0),
(28, 2, 'Cello', 'cbyngq@senate.gov', '', '', '7945 Reindahl Terrace', 'active', 0, NULL, '2022-05-13 08:46:12', '0000-00-00 00:00:00', 0),
(29, 2, 'Chan', 'cguinaner@google.ru', '', '', '9590 Autumn Leaf Street', 'active', 0, NULL, '2022-05-13 08:46:12', '0000-00-00 00:00:00', 0),
(31, 2, 'Doris', 'dadamovicht@51.la', '', '', '9031 Dahle Trail', 'active', 0, NULL, '2022-05-13 08:46:12', '0000-00-00 00:00:00', 0),
(33, 2, 'Corina', 'chalsonv@51.la', '', '', '089 Oneill Crossing', 'active', 0, NULL, '2022-05-13 08:46:12', '0000-00-00 00:00:00', 0),
(34, 2, 'Rowan', 'rdumbarew@pbs.org', '', '', '06134 Buell Terrace', 'active', 0, NULL, '2022-05-13 08:46:12', '0000-00-00 00:00:00', 0),
(35, 2, 'Lenci', 'ldavidaix@slideshare.net', '', '', '47 Surrey Parkway', 'active', 0, NULL, '2022-05-13 08:46:12', '0000-00-00 00:00:00', 0),
(36, 2, 'Sherie', 'sparmetery@geocities.jp', '', '', '0 Fuller Crossing', 'active', 0, NULL, '2022-05-13 08:46:12', '0000-00-00 00:00:00', 0),
(37, 2, 'Marc', 'mgrimmertz@cam.ac.uk', '', '', '1183 Glendale Crossing', 'active', 0, NULL, '2022-05-13 08:46:12', '0000-00-00 00:00:00', 0),
(38, 2, 'Uriel', 'ugimenez10@umich.edu', '', '', '3 Hoepker Lane', 'active', 0, NULL, '2022-05-13 08:46:12', '0000-00-00 00:00:00', 0),
(39, 2, 'Rona', 'rgoldis11@oracle.com', '', '', '8 Clemons Place', 'active', 0, NULL, '2022-05-13 08:46:12', '0000-00-00 00:00:00', 0),
(40, 2, 'Jarib', 'jmcnamara12@pbs.org', '', '', '096 Butternut Drive', 'active', 0, NULL, '2022-05-13 08:46:12', '0000-00-00 00:00:00', 0),
(41, 2, 'Rob', 'rcushelly13@wikimedia.org', '', '', '15 Hudson Road', 'active', 0, NULL, '2022-05-13 08:46:12', '0000-00-00 00:00:00', 0),
(42, 2, 'Christy', 'cpolsin14@icio.us', '', '', '79496 Eastwood Point', 'active', 0, NULL, '2022-05-13 08:46:12', '0000-00-00 00:00:00', 0),
(43, 2, 'Irwinn', 'isewards15@msn.com', '', '', '015 Mockingbird Court', 'active', 0, NULL, '2022-05-13 08:46:12', '0000-00-00 00:00:00', 0),
(44, 2, 'Nap', 'nadolphine16@google.com.br', '', '', '83202 Fisk Park', 'active', 0, NULL, '2022-05-13 08:46:12', '0000-00-00 00:00:00', 0),
(45, 2, 'Darrick', 'drobjents17@cloudflare.com', '', '', '73 Fairfield Way', 'active', 0, NULL, '2022-05-13 08:46:12', '0000-00-00 00:00:00', 0),
(46, 2, 'Darya', 'ddawe18@smh.com.au', '', '', '2017 Artisan Street', 'active', 0, NULL, '2022-05-13 08:46:12', '0000-00-00 00:00:00', 0),
(47, 2, 'Maggi', 'mbover19@reddit.com', '', '', '6380 Upham Hill', 'active', 0, NULL, '2022-05-13 08:46:12', '0000-00-00 00:00:00', 0),
(48, 2, 'Cletis', 'cgreenard1a@wikimedia.org', '', '', '4555 School Alley', 'active', 0, NULL, '2022-05-13 08:46:12', '0000-00-00 00:00:00', 0),
(49, 2, 'Roana', 'rshouler1b@shutterfly.com', '', '', '44 Loftsgordon Circle', 'active', 0, NULL, '2022-05-13 08:46:12', '0000-00-00 00:00:00', 0),
(50, 2, 'Kleon', 'kmccraw1c@ucoz.ru', '', '', '22 Northland Alley', 'active', 0, NULL, '2022-05-13 08:46:12', '0000-00-00 00:00:00', 0),
(51, 2, 'Carolyne', 'cbracken1d@unblog.fr', '', '', '7561 Briar Crest Alley', 'active', 0, NULL, '2022-05-13 08:46:12', '0000-00-00 00:00:00', 0),
(52, 2, 'Mair', 'mshilito1e@usgs.gov', '', '', '05 Waywood Point', 'active', 0, NULL, '2022-05-13 08:46:12', '0000-00-00 00:00:00', 0),
(53, 2, 'Carree', 'cshitliff1f@ft.com', '', '', '97809 Kinsman Crossing', 'active', 0, NULL, '2022-05-13 08:46:12', '0000-00-00 00:00:00', 0),
(54, 2, 'Myrah', 'msenyard1g@ocn.ne.jp', '', '', '3 Blaine Drive', 'active', 0, NULL, '2022-05-13 08:46:12', '0000-00-00 00:00:00', 0),
(55, 2, 'Jacqueline', 'jewols1h@nbcnews.com', '', '', '62 Corry Place', 'active', 0, NULL, '2022-05-13 08:46:12', '0000-00-00 00:00:00', 0),
(56, 2, 'Bartram', 'bdurno1i@ezinearticles.com', '', '', '8 Blue Bill Park Plaza', 'active', 0, NULL, '2022-05-13 08:46:12', '0000-00-00 00:00:00', 0),
(57, 2, 'Terrel', 'tgobbet1j@chicagotribune.com', '', '', '40 Ridge Oak Circle', 'active', 0, NULL, '2022-05-13 08:46:12', '0000-00-00 00:00:00', 0),
(58, 2, 'Jeramey', 'jkrystof1k@123-reg.co.uk', '', '', '22 Rusk Alley', 'active', 0, NULL, '2022-05-13 08:46:12', '0000-00-00 00:00:00', 0),
(59, 2, 'Lauraine', 'lhuckell1l@theglobeandmail.com', '', '', '1275 Heffernan Junction', 'active', 0, NULL, '2022-05-13 08:46:12', '0000-00-00 00:00:00', 0),
(60, 2, 'Brand', 'balbert1m@yellowbook.com', '', '', '75603 Garrison Court', 'active', 0, NULL, '2022-05-13 08:46:12', '0000-00-00 00:00:00', 0),
(61, 2, 'Humberto', 'hedgworth1n@intel.com', '', '', '7 Merry Hill', 'active', 0, NULL, '2022-05-13 08:46:12', '0000-00-00 00:00:00', 0),
(62, 2, 'Leola', 'lberic1o@shinystat.com', '', '', '5715 Rutledge Lane', 'active', 0, NULL, '2022-05-13 08:46:12', '0000-00-00 00:00:00', 0),
(63, 2, 'Ellswerth', 'eyankin1p@aol.com', '', '', '327 Pennsylvania Center', 'active', 0, NULL, '2022-05-13 08:46:12', '0000-00-00 00:00:00', 0),
(64, 2, 'Jasmine', 'jlearie1q@soup.io', '', '', '2 Warner Crossing', 'active', 0, NULL, '2022-05-13 08:46:12', '0000-00-00 00:00:00', 0),
(65, 2, 'Maddie', 'mschankel1r@amazon.com', '', '', '16 Shoshone Way', 'active', 0, NULL, '2022-05-13 08:46:12', '0000-00-00 00:00:00', 0),
(66, 2, 'Stephie', 'scorless1s@g.co', '', '', '78 Kinsman Crossing', 'active', 0, NULL, '2022-05-13 08:46:12', '0000-00-00 00:00:00', 0),
(67, 2, 'Rod', 'rgarza1t@tuttocitta.it', '', '', '03090 Brentwood Parkway', 'active', 0, NULL, '2022-05-13 08:46:12', '0000-00-00 00:00:00', 0),
(68, 2, 'Josephine', 'jrudsdell1u@quantcast.com', '', '', '584 Nobel Crossing', 'active', 0, NULL, '2022-05-13 08:46:12', '0000-00-00 00:00:00', 0),
(69, 2, 'Sean', 'sgarvie1v@gov.uk', '', '', '09 Amoth Drive', 'active', 0, NULL, '2022-05-13 08:46:12', '0000-00-00 00:00:00', 0),
(70, 2, 'Lambert', 'lhazeldene1w@pbs.org', '', '', '36 Ohio Drive', 'active', 0, NULL, '2022-05-13 08:46:12', '0000-00-00 00:00:00', 0),
(71, 2, 'Deanna', 'dcosans1x@themeforest.net', '', '', '86470 Eagle Crest Terrace', 'active', 0, NULL, '2022-05-13 08:46:12', '0000-00-00 00:00:00', 0),
(72, 2, 'Davon', 'dduce1y@wikia.com', '', '', '56985 Northwestern Hill', 'active', 0, NULL, '2022-05-13 08:46:12', '0000-00-00 00:00:00', 0),
(73, 2, 'Joletta', 'jpallent1z@pinterest.com', '', '', '1511 Pankratz Hill', 'active', 0, NULL, '2022-05-13 08:46:12', '0000-00-00 00:00:00', 0),
(74, 2, 'Farah', 'fpryer20@tinyurl.com', '', '', '3641 Melvin Alley', 'active', 0, NULL, '2022-05-13 08:46:12', '0000-00-00 00:00:00', 0),
(75, 2, 'Hakim', 'hcattle21@wisc.edu', '', '', '37744 Macpherson Street', 'active', 0, NULL, '2022-05-13 08:46:12', '0000-00-00 00:00:00', 0),
(76, 2, 'Maisey', 'mhalegarth22@parallels.com', '', '', '5073 Hauk Junction', 'active', 0, NULL, '2022-05-13 08:46:12', '0000-00-00 00:00:00', 0),
(77, 2, 'Selle', 'scruwys23@wikimedia.org', '', '', '0 Ridge Oak Avenue', 'active', 0, NULL, '2022-05-13 08:46:12', '0000-00-00 00:00:00', 0),
(78, 2, 'Rochette', 'reilhermann24@spiegel.de', '', '', '08053 Namekagon Street', 'active', 0, NULL, '2022-05-13 08:46:12', '0000-00-00 00:00:00', 0),
(79, 2, 'Connie', 'cciccerale25@facebook.com', '', '', '8 Caliangt Way', 'active', 0, NULL, '2022-05-13 08:46:12', '0000-00-00 00:00:00', 0),
(80, 2, 'Roderigo', 'roconcannon26@yahoo.com', '', '', '31009 Grim Hill', 'active', 0, NULL, '2022-05-13 08:46:12', '0000-00-00 00:00:00', 0),
(81, 2, 'Kin', 'kperch27@paypal.com', '', '', '8449 Arapahoe Trail', 'active', 0, NULL, '2022-05-13 08:46:12', '0000-00-00 00:00:00', 0),
(82, 2, 'Dina', 'djammet28@guardian.co.uk', '', '', '649 Macpherson Avenue', 'active', 0, NULL, '2022-05-13 08:46:12', '0000-00-00 00:00:00', 0),
(83, 2, 'Dore', 'dmackrell29@eventbrite.com', '', '', '20063 Ryan Way', 'active', 0, NULL, '2022-05-13 08:46:12', '0000-00-00 00:00:00', 0),
(84, 2, 'Forster', 'fjenicek2a@gravatar.com', '', '', '67 Randy Crossing', 'active', 0, NULL, '2022-05-13 08:46:12', '0000-00-00 00:00:00', 0),
(85, 2, 'Kane', 'kmowsdell2b@slate.com', '', '', '871 Fulton Way', 'active', 0, NULL, '2022-05-13 08:46:12', '0000-00-00 00:00:00', 0),
(86, 2, 'Daniele', 'dcotty2c@hubpages.com', '', '', '7342 Toban Crossing', 'active', 0, NULL, '2022-05-13 08:46:12', '0000-00-00 00:00:00', 0),
(87, 2, 'Trstram', 'tzupa2d@cloudflare.com', '', '', '367 Randy Circle', 'active', 0, NULL, '2022-05-13 08:46:12', '0000-00-00 00:00:00', 0),
(88, 2, 'Corny', 'cwasteney2e@usda.gov', '', '', '91761 Dapin Avenue', 'active', 0, NULL, '2022-05-13 08:46:12', '0000-00-00 00:00:00', 0),
(89, 2, 'Raynard', 'rmanders2f@bizjournals.com', '', '', '6198 Colorado Parkway', 'active', 0, NULL, '2022-05-13 08:46:12', '0000-00-00 00:00:00', 0),
(90, 2, 'Imogene', 'ilovegrove2g@prlog.org', '', '', '1287 Waywood Court', 'active', 0, NULL, '2022-05-13 08:46:12', '0000-00-00 00:00:00', 0),
(91, 2, 'Gretel', 'gdavidsen2h@walmart.com', '', '', '68 Corben Crossing', 'active', 0, NULL, '2022-05-13 08:46:12', '0000-00-00 00:00:00', 0),
(92, 2, 'Lewiss', 'lguillet2i@tripadvisor.com', '', '', '47873 Elgar Park', 'active', 0, NULL, '2022-05-13 08:46:12', '0000-00-00 00:00:00', 0),
(93, 2, 'Jenilee', 'jmitton2j@flickr.com', '', '', '623 Boyd Center', 'active', 0, NULL, '2022-05-13 08:46:12', '0000-00-00 00:00:00', 0),
(94, 2, 'Loretta', 'lbentote2k@studiopress.com', '', '', '0195 Corry Parkway', 'active', 0, NULL, '2022-05-13 08:46:12', '0000-00-00 00:00:00', 0),
(95, 2, 'Jany', 'jleavens2l@seesaa.net', '', '', '4126 Vidon Plaza', 'active', 0, NULL, '2022-05-13 08:46:12', '0000-00-00 00:00:00', 0),
(96, 2, 'Ottilie', 'othemann2m@tripod.com', '', '', '5632 Comanche Trail', 'active', 0, NULL, '2022-05-13 08:46:12', '0000-00-00 00:00:00', 0),
(97, 2, 'Kalil', 'kpreskett2n@biglobe.ne.jp', '', '', '109 Cambridge Street', 'active', 0, NULL, '2022-05-13 08:46:12', '0000-00-00 00:00:00', 0),
(98, 2, 'Luz', 'lcrutch2o@topsy.com', '', '', '575 Veith Street', 'active', 0, NULL, '2022-05-13 08:46:12', '0000-00-00 00:00:00', 0),
(99, 2, 'Scarlet', 'scardozo2p@com.com', '', '', '8 Meadow Ridge Court', 'active', 0, NULL, '2022-05-13 08:46:12', '0000-00-00 00:00:00', 0),
(100, 99, 'Sabina', 'sgoodwell2q@gmpg.org', '', '', '634 Katie Place', 'active', 0, NULL, '2022-05-13 08:46:12', '0000-00-00 00:00:00', 0),
(101, 100, 'Kaylee', 'kskellington2r@list-manage.com', '', '', '01358 Blue Bill Park Center', 'active', 0, NULL, '2022-05-13 08:46:12', '0000-00-00 00:00:00', 0),
(102, 101, 'Maryrose', 'mgraves2s@ezinearticles.com', '', '', '38046 North Terrace', 'active', 0, NULL, '2022-05-13 08:46:12', '0000-00-00 00:00:00', 0),
(103, 102, 'Alric', 'ahyslop2t@imageshack.us', '', '', '978 Bayside Alley', 'active', 0, NULL, '2022-05-13 08:46:12', '0000-00-00 00:00:00', 0),
(104, 103, 'Tedra', 'tfarrall2u@tmall.com', '', '', '642 Welch Avenue', 'active', 0, NULL, '2022-05-13 08:46:12', '0000-00-00 00:00:00', 0),
(105, 104, 'Elly', 'etibb2v@ebay.com', '', '', '26 Forest Hill', 'active', 0, NULL, '2022-05-13 08:46:12', '0000-00-00 00:00:00', 0),
(106, 105, 'Devina', 'drolston2w@gravatar.com', '', '', '3 Pennsylvania Circle', 'active', 0, NULL, '2022-05-13 08:46:12', '0000-00-00 00:00:00', 0),
(107, 106, 'Olin', 'oruddy2x@goodreads.com', '', '', '51 Hagan Plaza', 'active', 0, NULL, '2022-05-13 08:46:12', '0000-00-00 00:00:00', 0),
(108, 107, 'Kiersten', 'kmapletoft2y@lycos.com', '', '', '4 Canary Circle', 'active', 0, NULL, '2022-05-13 08:46:12', '0000-00-00 00:00:00', 0),
(109, 108, 'Barnard', 'bbrookwood2z@paginegialle.it', '', '', '1899 Florence Point', 'active', 0, NULL, '2022-05-13 08:46:12', '0000-00-00 00:00:00', 0),
(110, 109, 'Robbie', 'rcordeau30@quantcast.com', '', '', '6 Sachtjen Alley', 'active', 0, NULL, '2022-05-13 08:46:12', '0000-00-00 00:00:00', 0),
(111, 110, 'Willette', 'wchadwick31@comcast.net', '', '', '6866 Dunning Avenue', 'active', 0, NULL, '2022-05-13 08:46:12', '0000-00-00 00:00:00', 0),
(112, 111, 'Harvey', 'htrotton32@google.pl', '', '', '61 Barby Parkway', 'active', 0, NULL, '2022-05-13 08:46:12', '0000-00-00 00:00:00', 0),
(113, 112, 'Micaela', 'mhenriquet33@bbb.org', '', '', '15 Carioca Court', 'active', 0, NULL, '2022-05-13 08:46:12', '0000-00-00 00:00:00', 0),
(114, 113, 'Lucio', 'lmockford34@drupal.org', '', '', '8340 Blue Bill Park Circle', 'active', 0, NULL, '2022-05-13 08:46:12', '0000-00-00 00:00:00', 0),
(115, 114, 'Tomaso', 'tbensusan35@sciencedirect.com', '', '', '1 Dexter Lane', 'active', 0, NULL, '2022-05-13 08:46:12', '0000-00-00 00:00:00', 0),
(116, 115, 'Dominique', 'dyurshev36@qq.com', '', '', '41977 Duke Center', 'active', 0, NULL, '2022-05-13 08:46:12', '0000-00-00 00:00:00', 0),
(117, 116, 'Kirsten', 'kbottrell37@gov.uk', '', '', '1468 Jana Street', 'active', 0, NULL, '2022-05-13 08:46:12', '0000-00-00 00:00:00', 0),
(118, 117, 'Homer', 'hdemare38@hibu.com', '', '', '56 Rowland Circle', 'active', 0, NULL, '2022-05-13 08:46:12', '0000-00-00 00:00:00', 0),
(119, 118, 'Vasily', 'vbelone39@mysql.com', '', '', '82931 Manley Plaza', 'active', 0, NULL, '2022-05-13 08:46:12', '0000-00-00 00:00:00', 0),
(120, 119, 'Margaretta', 'mjamieson3a@networkadvertising.org', '', '', '3403 Kim Center', 'active', 0, NULL, '2022-05-13 08:46:12', '0000-00-00 00:00:00', 0),
(121, 120, 'Alameda', 'acorthes3b@aol.com', '', '', '631 Parkside Circle', 'active', 0, NULL, '2022-05-13 08:46:12', '0000-00-00 00:00:00', 0),
(122, 121, 'Gweneth', 'glangsdon3c@house.gov', '', '', '15162 Orin Alley', 'active', 0, NULL, '2022-05-13 08:46:12', '0000-00-00 00:00:00', 0),
(123, 122, 'Bell', 'bstephenson3d@jalbum.net', '', '', '37 Walton Road', 'active', 0, NULL, '2022-05-13 08:46:12', '0000-00-00 00:00:00', 0),
(124, 123, 'Emmery', 'epenelli3e@tripod.com', '', '', '6 Coolidge Lane', 'active', 0, NULL, '2022-05-13 08:46:12', '0000-00-00 00:00:00', 0),
(125, 124, 'Danni', 'dcanter3f@home.pl', '', '', '13 Oxford Road', 'active', 0, NULL, '2022-05-13 08:46:12', '0000-00-00 00:00:00', 0),
(126, 125, 'Mari', 'mshowers3g@nymag.com', '', '', '6 Aberg Road', 'active', 0, NULL, '2022-05-13 08:46:12', '0000-00-00 00:00:00', 0),
(127, 126, 'Ninnette', 'nkinsella3h@e-recht24.de', '', '', '120 Trailsway Place', 'active', 0, NULL, '2022-05-13 08:46:12', '0000-00-00 00:00:00', 0),
(128, 127, 'Gene', 'gdeaton3i@elegantthemes.com', '', '', '80007 Fisk Center', 'active', 0, NULL, '2022-05-13 08:46:12', '0000-00-00 00:00:00', 0),
(129, 128, 'Linc', 'leverley3j@buzzfeed.com', '', '', '99986 Grayhawk Place', 'active', 0, NULL, '2022-05-13 08:46:12', '0000-00-00 00:00:00', 0),
(130, 129, 'Doralynne', 'ddadd3k@ow.ly', '', '', '3 Dryden Center', 'active', 0, NULL, '2022-05-13 08:46:12', '0000-00-00 00:00:00', 0),
(131, 130, 'Calley', 'clovekin3l@arstechnica.com', '', '', '6603 Badeau Junction', 'active', 0, NULL, '2022-05-13 08:46:12', '0000-00-00 00:00:00', 0),
(132, 131, 'Libbie', 'lwatsonbrown3m@upenn.edu', '', '', '5869 Warrior Center', 'active', 0, NULL, '2022-05-13 08:46:12', '0000-00-00 00:00:00', 0),
(133, 132, 'Antonietta', 'amacririe3n@hostgator.com', '', '', '3639 Sherman Pass', 'active', 0, NULL, '2022-05-13 08:46:12', '0000-00-00 00:00:00', 0),
(134, 133, 'Denny', 'dcopnall3o@google.es', '', '', '31394 Lillian Hill', 'active', 0, NULL, '2022-05-13 08:46:12', '0000-00-00 00:00:00', 0),
(135, 134, 'Sebastiano', 'ssobczak3p@ft.com', '', '', '37 Red Cloud Terrace', 'active', 0, NULL, '2022-05-13 08:46:12', '0000-00-00 00:00:00', 0),
(136, 135, 'Neron', 'nschonfeld3q@ezinearticles.com', '', '', '68 Kingsford Road', 'active', 0, NULL, '2022-05-13 08:46:12', '0000-00-00 00:00:00', 0),
(137, 136, 'Leona', 'lmcilmorie3r@eventbrite.com', '', '', '3 Gale Road', 'active', 0, NULL, '2022-05-13 08:46:12', '0000-00-00 00:00:00', 0),
(138, 137, 'Hobie', 'hmacnish3s@ed.gov', '', '', '35 Elka Center', 'active', 0, NULL, '2022-05-13 08:46:12', '0000-00-00 00:00:00', 0),
(139, 138, 'Laurens', 'lwigzell3t@state.tx.us', '', '', '5 Arrowood Circle', 'active', 0, NULL, '2022-05-13 08:46:12', '0000-00-00 00:00:00', 0),
(140, 139, 'Clementia', 'ccottem3u@acquirethisname.com', '', '', '3294 Orin Circle', 'active', 0, NULL, '2022-05-13 08:46:12', '0000-00-00 00:00:00', 0),
(141, 140, 'Gwenore', 'ggoodyer3v@gravatar.com', '', '', '9012 Forest Point', 'active', 0, NULL, '2022-05-13 08:46:12', '0000-00-00 00:00:00', 0),
(142, 141, 'Kassi', 'kdearle3w@wiley.com', '', '', '135 Alpine Lane', 'active', 0, NULL, '2022-05-13 08:46:12', '0000-00-00 00:00:00', 0),
(143, 142, 'Cam', 'ccassey3x@cbsnews.com', '', '', '08 Bluestem Parkway', 'active', 0, NULL, '2022-05-13 08:46:12', '0000-00-00 00:00:00', 0),
(144, 143, 'Hector', 'hivanyushkin3y@walmart.com', '', '', '91232 Blue Bill Park Trail', 'active', 0, NULL, '2022-05-13 08:46:12', '0000-00-00 00:00:00', 0),
(145, 144, 'Lindsey', 'lgadie3z@amazon.de', '', '', '0 Hazelcrest Plaza', 'active', 0, NULL, '2022-05-13 08:46:12', '0000-00-00 00:00:00', 0),
(146, 145, 'Monica', 'mtradewell40@archive.org', '', '', '88358 Mitchell Junction', 'active', 0, NULL, '2022-05-13 08:46:12', '0000-00-00 00:00:00', 0),
(147, 146, 'Case', 'cbraine41@joomla.org', '', '', '28 Amoth Way', 'active', 0, NULL, '2022-05-13 08:46:12', '0000-00-00 00:00:00', 0),
(148, 147, 'Vivyan', 'vhanning42@mapquest.com', '', '', '3 David Alley', 'active', 0, NULL, '2022-05-13 08:46:12', '0000-00-00 00:00:00', 0),
(149, 148, 'Pauletta', 'pstrathearn43@cafepress.com', '', '', '3255 Heffernan Parkway', 'active', 0, NULL, '2022-05-13 08:46:12', '0000-00-00 00:00:00', 0),
(150, 149, 'Janene', 'jraisher44@dmoz.org', '', '', '8 Merchant Plaza', 'active', 0, NULL, '2022-05-13 08:46:12', '0000-00-00 00:00:00', 0),
(151, 150, 'Louisette', 'lalberti45@ustream.tv', '', '', '1 Talmadge Lane', 'active', 0, NULL, '2022-05-13 08:46:12', '0000-00-00 00:00:00', 0),
(152, 151, 'Orelee', 'othurgood46@admin.ch', '', '', '467 Dorton Drive', 'active', 0, NULL, '2022-05-13 08:46:12', '0000-00-00 00:00:00', 0),
(153, 152, 'Andrus', 'alhommee47@ucla.edu', '', '', '8 Meadow Vale Court', 'active', 0, NULL, '2022-05-13 08:46:12', '0000-00-00 00:00:00', 0),
(154, 153, 'Coralie', 'csunner48@dmoz.org', '', '', '33391 Fallview Crossing', 'active', 0, NULL, '2022-05-13 08:46:12', '0000-00-00 00:00:00', 0),
(155, 154, 'Cirstoforo', 'cbathowe49@usda.gov', '', '', '29492 Carioca Point', 'active', 0, NULL, '2022-05-13 08:46:12', '0000-00-00 00:00:00', 0),
(156, 155, 'Christiane', 'cgrellis4a@youku.com', '', '', '87315 Jackson Pass', 'active', 0, NULL, '2022-05-13 08:46:12', '0000-00-00 00:00:00', 0),
(157, 156, 'Vasily', 'vvenus4b@51.la', '', '', '2471 Londonderry Crossing', 'active', 0, NULL, '2022-05-13 08:46:12', '0000-00-00 00:00:00', 0),
(158, 157, 'Elston', 'ehubbock4c@businessweek.com', '', '', '90 Springview Pass', 'active', 0, NULL, '2022-05-13 08:46:12', '0000-00-00 00:00:00', 0),
(159, 158, 'Fanchette', 'fiseton4d@hostgator.com', '', '', '44491 Transport Pass', 'active', 0, NULL, '2022-05-13 08:46:12', '0000-00-00 00:00:00', 0),
(160, 159, 'Gertruda', 'gcarnegy4e@blogspot.com', '', '', '9 Melrose Trail', 'active', 0, NULL, '2022-05-13 08:46:12', '0000-00-00 00:00:00', 0),
(161, 160, 'Curt', 'cmeeny4f@xing.com', '', '', '567 Dexter Point', 'active', 0, NULL, '2022-05-13 08:46:12', '0000-00-00 00:00:00', 0),
(162, 161, 'Craggy', 'caizikovitz4g@china.com.cn', '', '', '29 Cordelia Alley', 'active', 0, NULL, '2022-05-13 08:46:12', '0000-00-00 00:00:00', 0),
(163, 162, 'Grant', 'gbramstom4h@indiegogo.com', '', '', '22 Norway Maple Parkway', 'active', 0, NULL, '2022-05-13 08:46:12', '0000-00-00 00:00:00', 0),
(164, 163, 'Bethina', 'blarrington4i@stanford.edu', '', '', '683 Merchant Hill', 'active', 0, NULL, '2022-05-13 08:46:12', '0000-00-00 00:00:00', 0),
(165, 164, 'Bellina', 'bvolleth4j@opera.com', '', '', '31981 Elgar Park', 'active', 0, NULL, '2022-05-13 08:46:12', '0000-00-00 00:00:00', 0),
(166, 165, 'Valaria', 'vbertomeu4k@paginegialle.it', '', '', '0260 Starling Road', 'active', 0, NULL, '2022-05-13 08:46:12', '0000-00-00 00:00:00', 0),
(167, 166, 'Mattias', 'mpasterfield4l@yellowpages.com', '', '', '4 Anhalt Lane', 'active', 0, NULL, '2022-05-13 08:46:12', '0000-00-00 00:00:00', 0),
(168, 167, 'Gerta', 'ggrove4m@pagesperso-orange.fr', '', '', '3000 Kinsman Lane', 'active', 0, NULL, '2022-05-13 08:46:12', '0000-00-00 00:00:00', 0),
(169, 168, 'Matt', 'mnaseby4n@gnu.org', '', '', '62 Old Gate Pass', 'active', 0, NULL, '2022-05-13 08:46:12', '0000-00-00 00:00:00', 0),
(170, 169, 'Ronald', 'rhumes4o@goodreads.com', '', '', '60979 New Castle Trail', 'active', 0, NULL, '2022-05-13 08:46:12', '0000-00-00 00:00:00', 0),
(171, 170, 'Tam', 'tcraft4p@tinypic.com', '', '', '285 Evergreen Avenue', 'active', 0, NULL, '2022-05-13 08:46:12', '0000-00-00 00:00:00', 0),
(172, 171, 'Evangelia', 'elemonby4q@ucla.edu', '', '', '8256 Sullivan Road', 'active', 0, NULL, '2022-05-13 08:46:12', '0000-00-00 00:00:00', 0),
(173, 172, 'Theodoric', 'tbownas4r@phpbb.com', '', '', '5 Northport Place', 'active', 0, NULL, '2022-05-13 08:46:12', '0000-00-00 00:00:00', 0),
(174, 173, 'Francyne', 'fjay4s@timesonline.co.uk', '', '', '83687 Maywood Junction', 'active', 0, NULL, '2022-05-13 08:46:12', '0000-00-00 00:00:00', 0),
(175, 174, 'Mathias', 'mpolle4t@amazonaws.com', '', '', '0730 Butterfield Street', 'active', 0, NULL, '2022-05-13 08:46:12', '0000-00-00 00:00:00', 0),
(176, 175, 'Tadeo', 'tpott4u@hatena.ne.jp', '', '', '90 Hermina Road', 'active', 0, NULL, '2022-05-13 08:46:12', '0000-00-00 00:00:00', 0),
(177, 176, 'Sasha', 'senderle4v@mashable.com', '', '', '6 Norway Maple Park', 'active', 0, NULL, '2022-05-13 08:46:12', '0000-00-00 00:00:00', 0),
(178, 177, 'Tawsha', 'tgrimsdell4w@senate.gov', '', '', '52 Michigan Lane', 'active', 0, NULL, '2022-05-13 08:46:12', '0000-00-00 00:00:00', 0),
(179, 178, 'Celina', 'cmccaghan4x@mozilla.com', '', '', '30325 Maryland Point', 'active', 0, NULL, '2022-05-13 08:46:12', '0000-00-00 00:00:00', 0),
(180, 179, 'Wynn', 'wdibben4y@alibaba.com', '', '', '33 Farragut Parkway', 'active', 0, NULL, '2022-05-13 08:46:12', '0000-00-00 00:00:00', 0),
(181, 180, 'Jules', 'jnolda4z@earthlink.net', '', '', '4 Myrtle Terrace', 'active', 0, NULL, '2022-05-13 08:46:12', '0000-00-00 00:00:00', 0),
(182, 181, 'Doti', 'dmarmion50@liveinternet.ru', '', '', '2360 Quincy Center', 'active', 0, NULL, '2022-05-13 08:46:12', '0000-00-00 00:00:00', 0),
(183, 182, 'Clarence', 'ctyne51@theguardian.com', '', '', '6 Reindahl Park', 'active', 0, NULL, '2022-05-13 08:46:12', '0000-00-00 00:00:00', 0),
(184, 183, 'Lurline', 'ljanney52@kickstarter.com', '', '', '33 Starling Plaza', 'active', 0, NULL, '2022-05-13 08:46:12', '0000-00-00 00:00:00', 0),
(185, 184, 'Feliks', 'ftooke53@examiner.com', '', '', '22755 Everett Alley', 'active', 0, NULL, '2022-05-13 08:46:12', '0000-00-00 00:00:00', 0),
(186, 185, 'Mandi', 'mrewcassell54@quantcast.com', '', '', '5 Bay Lane', 'active', 0, NULL, '2022-05-13 08:46:12', '0000-00-00 00:00:00', 0),
(187, 186, 'Cassey', 'ccrix55@fc2.com', '', '', '950 Jay Place', 'active', 0, NULL, '2022-05-13 08:46:12', '0000-00-00 00:00:00', 0),
(188, 187, 'Nanete', 'nhowis56@arstechnica.com', '', '', '5366 Lake View Alley', 'active', 0, NULL, '2022-05-13 08:46:12', '0000-00-00 00:00:00', 0),
(189, 188, 'Wes', 'wzuan57@rediff.com', '', '', '46 Banding Park', 'active', 0, NULL, '2022-05-13 08:46:12', '0000-00-00 00:00:00', 0),
(190, 189, 'Trixi', 'tobrallaghan58@canalblog.com', '', '', '53 Ohio Trail', 'active', 0, NULL, '2022-05-13 08:46:12', '0000-00-00 00:00:00', 0),
(191, 190, 'Tressa', 'tgraveney59@mapquest.com', '', '', '4921 Granby Park', 'active', 0, NULL, '2022-05-13 08:46:12', '0000-00-00 00:00:00', 0),
(192, 191, 'Cinnamon', 'cflaherty5a@illinois.edu', '', '', '6 Charing Cross Road', 'active', 0, NULL, '2022-05-13 08:46:12', '0000-00-00 00:00:00', 0),
(193, 192, 'Emmalee', 'eshepherd5b@mtv.com', '', '', '8154 Larry Center', 'active', 0, NULL, '2022-05-13 08:46:12', '0000-00-00 00:00:00', 0),
(194, 193, 'Dulce', 'dsleite5c@ebay.co.uk', '', '', '7384 Prentice Park', 'active', 0, NULL, '2022-05-13 08:46:12', '0000-00-00 00:00:00', 0),
(195, 194, 'Herbie', 'hbambury5d@thetimes.co.uk', '', '', '8 Ludington Road', 'active', 0, NULL, '2022-05-13 08:46:12', '0000-00-00 00:00:00', 0),
(196, 195, 'Maria', 'mvanoord5e@tumblr.com', '', '', '0693 Dayton Alley', 'active', 0, NULL, '2022-05-13 08:46:12', '0000-00-00 00:00:00', 0),
(197, 196, 'Marcelia', 'mpottie5f@sogou.com', '', '', '0568 Mosinee Point', 'active', 0, NULL, '2022-05-13 08:46:12', '0000-00-00 00:00:00', 0),
(198, 197, 'Zola', 'zhukins5g@umich.edu', '', '', '01710 Prairieview Junction', 'active', 0, NULL, '2022-05-13 08:46:12', '0000-00-00 00:00:00', 0),
(199, 198, 'Evanne', 'ebromehed5h@mlb.com', '', '', '201 Sommers Street', 'active', 0, NULL, '2022-05-13 08:46:12', '0000-00-00 00:00:00', 0),
(200, 199, 'Christy', 'cnerval5i@cloudflare.com', '', '', '01467 Merrick Alley', 'active', 0, NULL, '2022-05-13 08:46:12', '0000-00-00 00:00:00', 0),
(201, 200, 'Quintana', 'qgregson5j@engadget.com', '', '', '7510 Mcguire Junction', 'active', 0, NULL, '2022-05-13 08:46:12', '0000-00-00 00:00:00', 0),
(202, 201, 'Rene', 'rjezzard5k@blogspot.com', '', '', '60 Buhler Road', 'active', 0, NULL, '2022-05-13 08:46:12', '0000-00-00 00:00:00', 0),
(203, 202, 'Denney', 'dprawle5l@gizmodo.com', '', '', '2 Old Gate Park', 'active', 0, NULL, '2022-05-13 08:46:12', '0000-00-00 00:00:00', 0),
(204, 203, 'Laurianne', 'lsinnock5m@businesswire.com', '', '', '2 Melby Trail', 'active', 0, NULL, '2022-05-13 08:46:12', '0000-00-00 00:00:00', 0),
(205, 204, 'Edee', 'emccaughen5n@csmonitor.com', '', '', '189 Miller Pass', 'active', 0, NULL, '2022-05-13 08:46:12', '0000-00-00 00:00:00', 0),
(206, 205, 'Jesse', 'jtrail5o@csmonitor.com', '', '', '02 2nd Road', 'active', 0, NULL, '2022-05-13 08:46:12', '0000-00-00 00:00:00', 0),
(207, 206, 'Giselbert', 'gyakushkev5p@friendfeed.com', '', '', '03747 Fulton Road', 'active', 0, NULL, '2022-05-13 08:46:12', '0000-00-00 00:00:00', 0),
(208, 207, 'Darlene', 'dblaszczyk5q@cafepress.com', '', '', '33 Union Plaza', 'active', 0, NULL, '2022-05-13 08:46:12', '0000-00-00 00:00:00', 0),
(209, 208, 'Eb', 'ecrunkhurn5r@hugedomains.com', '', '', '03667 Jay Center', 'active', 0, NULL, '2022-05-13 08:46:12', '0000-00-00 00:00:00', 0),
(210, 209, 'Romeo', 'rbertin5s@hubpages.com', '', '', '602 Trailsway Court', 'active', 0, NULL, '2022-05-13 08:46:12', '0000-00-00 00:00:00', 0),
(211, 210, 'Weider', 'wroch5t@simplemachines.org', '', '', '0345 Fordem Street', 'active', 0, NULL, '2022-05-13 08:46:12', '0000-00-00 00:00:00', 0),
(212, 211, 'Carlen', 'cjoskowitz5u@hc360.com', '', '', '3365 Golf Course Circle', 'active', 0, NULL, '2022-05-13 08:46:12', '0000-00-00 00:00:00', 0),
(213, 212, 'Irma', 'idottrell5v@facebook.com', '', '', '1130 Division Court', 'active', 0, NULL, '2022-05-13 08:46:12', '0000-00-00 00:00:00', 0),
(214, 213, 'Brianne', 'bkynton5w@psu.edu', '', '', '1 Kim Place', 'active', 0, NULL, '2022-05-13 08:46:12', '0000-00-00 00:00:00', 0),
(215, 214, 'Kamila', 'kswinburn5x@aboutads.info', '', '', '02439 Hagan Circle', 'active', 0, NULL, '2022-05-13 08:46:12', '0000-00-00 00:00:00', 0),
(216, 215, 'Vale', 'vdalton5y@telegraph.co.uk', '', '', '2532 Prentice Lane', 'active', 0, NULL, '2022-05-13 08:46:12', '0000-00-00 00:00:00', 0),
(217, 216, 'Marthe', 'mearley5z@unc.edu', '', '', '7866 Arrowood Drive', 'active', 0, NULL, '2022-05-13 08:46:12', '0000-00-00 00:00:00', 0),
(218, 217, 'Rees', 'rsimecek60@cocolog-nifty.com', '', '', '84 Hintze Plaza', 'active', 0, NULL, '2022-05-13 08:46:12', '0000-00-00 00:00:00', 0),
(219, 218, 'Cinnamon', 'cbonett61@studiopress.com', '', '', '95 Bluejay Circle', 'active', 0, NULL, '2022-05-13 08:46:12', '0000-00-00 00:00:00', 0),
(220, 219, 'Tucky', 'tblack62@webs.com', '', '', '6 Bowman Center', 'active', 0, NULL, '2022-05-13 08:46:12', '0000-00-00 00:00:00', 0),
(221, 220, 'Cilka', 'cfowley63@constantcontact.com', '', '', '0 Pepper Wood Court', 'active', 0, NULL, '2022-05-13 08:46:12', '0000-00-00 00:00:00', 0),
(222, 221, 'Sherlock', 'skiffe64@buzzfeed.com', '', '', '2428 Northport Crossing', 'active', 0, NULL, '2022-05-13 08:46:12', '0000-00-00 00:00:00', 0),
(223, 222, 'Cyndia', 'cmarwood65@nature.com', '', '', '6857 Forest Dale Lane', 'active', 0, NULL, '2022-05-13 08:46:12', '0000-00-00 00:00:00', 0),
(224, 223, 'Jess', 'jdyshart66@java.com', '', '', '5257 Melrose Drive', 'active', 0, NULL, '2022-05-13 08:46:12', '0000-00-00 00:00:00', 0),
(225, 224, 'Nicolle', 'nudie67@yellowbook.com', '', '', '66 Crest Line Center', 'active', 0, NULL, '2022-05-13 08:46:12', '0000-00-00 00:00:00', 0),
(226, 225, 'Leda', 'lcunnow68@state.tx.us', '', '', '0148 Dryden Pass', 'active', 0, NULL, '2022-05-13 08:46:12', '0000-00-00 00:00:00', 0),
(227, 226, 'Megan', 'mlantry69@hc360.com', '', '', '78304 Petterle Crossing', 'active', 0, NULL, '2022-05-13 08:46:12', '0000-00-00 00:00:00', 0),
(228, 227, 'Roanna', 'rdugdale6a@squarespace.com', '', '', '18 Prairie Rose Point', 'active', 0, NULL, '2022-05-13 08:46:12', '0000-00-00 00:00:00', 0),
(229, 228, 'Johna', 'jrivaland6b@sfgate.com', '', '', '10427 Pleasure Street', 'active', 0, NULL, '2022-05-13 08:46:12', '0000-00-00 00:00:00', 0),
(230, 229, 'Karyn', 'kkarlicek6c@webeden.co.uk', '', '', '66672 Mesta Park', 'active', 0, NULL, '2022-05-13 08:46:12', '0000-00-00 00:00:00', 0),
(231, 230, 'Perceval', 'pmattersley6d@prweb.com', '', '', '7382 Fuller Pass', 'active', 0, NULL, '2022-05-13 08:46:12', '0000-00-00 00:00:00', 0),
(232, 231, 'Nicolea', 'nrydeard6e@furl.net', '', '', '21343 Bay Drive', 'active', 0, NULL, '2022-05-13 08:46:12', '0000-00-00 00:00:00', 0),
(233, 232, 'Bunni', 'bwestover6f@oaic.gov.au', '', '', '8 Tony Hill', 'active', 0, NULL, '2022-05-13 08:46:12', '0000-00-00 00:00:00', 0),
(234, 233, 'Luciana', 'lpadley6g@tumblr.com', '', '', '65 West Park', 'active', 0, NULL, '2022-05-13 08:46:12', '0000-00-00 00:00:00', 0),
(235, 234, 'Baron', 'boakden6h@delicious.com', '', '', '3 3rd Plaza', 'active', 0, NULL, '2022-05-13 08:46:12', '0000-00-00 00:00:00', 0),
(236, 235, 'Yvette', 'yfosberry6i@webs.com', '', '', '71 Tony Road', 'active', 0, NULL, '2022-05-13 08:46:12', '0000-00-00 00:00:00', 0),
(237, 236, 'Culley', 'criseam6j@com.com', '', '', '78 Bartillon Road', 'active', 0, NULL, '2022-05-13 08:46:12', '0000-00-00 00:00:00', 0),
(238, 237, 'Emeline', 'eapplewhaite6k@yandex.ru', '', '', '0 Spaight Plaza', 'active', 0, NULL, '2022-05-13 08:46:12', '0000-00-00 00:00:00', 0),
(239, 238, 'Russell', 'rmctrusty6l@nyu.edu', '', '', '38616 Shopko Street', 'active', 0, NULL, '2022-05-13 08:46:12', '0000-00-00 00:00:00', 0),
(240, 239, 'Norman', 'nguildford6m@toplist.cz', '', '', '934 Northwestern Lane', 'active', 0, NULL, '2022-05-13 08:46:12', '0000-00-00 00:00:00', 0),
(241, 240, 'Thorvald', 'tkeford6n@github.io', '', '', '9 Michigan Junction', 'active', 0, NULL, '2022-05-13 08:46:12', '0000-00-00 00:00:00', 0),
(242, 241, 'Shawn', 'sskillitt6o@nymag.com', '', '', '6 Continental Center', 'active', 0, NULL, '2022-05-13 08:46:12', '0000-00-00 00:00:00', 0),
(243, 242, 'Geoff', 'graoul6p@yahoo.co.jp', '', '', '1 Butternut Hill', 'active', 0, NULL, '2022-05-13 08:46:12', '0000-00-00 00:00:00', 0),
(244, 243, 'Shurwood', 'supton6q@blogger.com', '', '', '9 Westend Alley', 'active', 0, NULL, '2022-05-13 08:46:12', '0000-00-00 00:00:00', 0),
(245, 244, 'Avril', 'asemiraz6r@google.pl', '', '', '4045 2nd Parkway', 'active', 0, NULL, '2022-05-13 08:46:12', '0000-00-00 00:00:00', 0),
(246, 245, 'Skipton', 'sadamides6s@desdev.cn', '', '', '9 Saint Paul Lane', 'active', 0, NULL, '2022-05-13 08:46:12', '0000-00-00 00:00:00', 0),
(247, 246, 'Issi', 'ibointon6t@biglobe.ne.jp', '', '', '40300 Jay Crossing', 'active', 0, NULL, '2022-05-13 08:46:12', '0000-00-00 00:00:00', 0),
(248, 247, 'Natal', 'nedrich6u@biglobe.ne.jp', '', '', '9 Johnson Way', 'active', 0, NULL, '2022-05-13 08:46:12', '0000-00-00 00:00:00', 0),
(249, 248, 'Dela', 'dmissen6v@ebay.com', '', '', '79 Clemons Avenue', 'active', 0, NULL, '2022-05-13 08:46:12', '0000-00-00 00:00:00', 0),
(250, 249, 'Dalli', 'dlewis6w@bbb.org', '', '', '5 Burning Wood Center', 'active', 0, NULL, '2022-05-13 08:46:12', '0000-00-00 00:00:00', 0),
(251, 250, 'Natassia', 'ndanks6x@goo.gl', '', '', '8 Cottonwood Terrace', 'active', 0, NULL, '2022-05-13 08:46:12', '0000-00-00 00:00:00', 0),
(252, 251, 'Sophie', 'skittman6y@jimdo.com', '', '', '253 Moland Terrace', 'active', 0, NULL, '2022-05-13 08:46:12', '0000-00-00 00:00:00', 0),
(253, 252, 'Ailyn', 'aboyington6z@nytimes.com', '', '', '50 Pierstorff Court', 'active', 0, NULL, '2022-05-13 08:46:12', '0000-00-00 00:00:00', 0),
(254, 253, 'Bill', 'bshuttell70@mit.edu', '', '', '62 Roxbury Circle', 'active', 0, NULL, '2022-05-13 08:46:12', '0000-00-00 00:00:00', 0),
(255, 254, 'Karine', 'kbraker71@wordpress.com', '', '', '16697 Stephen Street', 'active', 0, NULL, '2022-05-13 08:46:12', '0000-00-00 00:00:00', 0),
(256, 255, 'Johnnie', 'jmoff72@dyndns.org', '', '', '68803 Comanche Park', 'active', 0, NULL, '2022-05-13 08:46:12', '0000-00-00 00:00:00', 0),
(257, 256, 'Teador', 'tgaley73@so-net.ne.jp', '', '', '81 Fuller Park', 'active', 0, NULL, '2022-05-13 08:46:12', '0000-00-00 00:00:00', 0),
(258, 257, 'Esther', 'ecleyburn74@earthlink.net', '', '', '13 Springs Lane', 'active', 0, NULL, '2022-05-13 08:46:12', '0000-00-00 00:00:00', 0),
(259, 258, 'Lory', 'lluckcuck75@usatoday.com', '', '', '14613 Dunning Court', 'active', 0, NULL, '2022-05-13 08:46:12', '0000-00-00 00:00:00', 0),
(260, 259, 'Row', 'rhavelin76@webs.com', '', '', '6 Merchant Alley', 'active', 0, NULL, '2022-05-13 08:46:12', '0000-00-00 00:00:00', 0),
(261, 260, 'Chelsae', 'calcido77@netlog.com', '', '', '68521 Transport Drive', 'active', 0, NULL, '2022-05-13 08:46:12', '0000-00-00 00:00:00', 0),
(262, 261, 'Toddy', 'tclaxton78@arstechnica.com', '', '', '422 Melody Avenue', 'active', 0, NULL, '2022-05-13 08:46:12', '0000-00-00 00:00:00', 0),
(263, 262, 'Kristyn', 'kcodner79@example.com', '', '', '560 Anzinger Park', 'active', 0, NULL, '2022-05-13 08:46:12', '0000-00-00 00:00:00', 0),
(264, 263, 'Hieronymus', 'hscanderet7a@xrea.com', '', '', '777 Utah Court', 'active', 0, NULL, '2022-05-13 08:46:12', '0000-00-00 00:00:00', 0),
(265, 264, 'Jacqueline', 'jnelmes7b@blinklist.com', '', '', '8 Hallows Street', 'active', 0, NULL, '2022-05-13 08:46:12', '0000-00-00 00:00:00', 0),
(266, 265, 'Devlen', 'dmuirhead7c@vkontakte.ru', '', '', '7 Heath Junction', 'active', 0, NULL, '2022-05-13 08:46:12', '0000-00-00 00:00:00', 0),
(267, 266, 'Tanya', 'tpasso7d@sitemeter.com', '', '', '22 Del Mar Parkway', 'active', 0, NULL, '2022-05-13 08:46:12', '0000-00-00 00:00:00', 0),
(268, 267, 'Braden', 'biremonger7e@jimdo.com', '', '', '20 Erie Road', 'active', 0, NULL, '2022-05-13 08:46:12', '0000-00-00 00:00:00', 0),
(269, 268, 'Bab', 'bdyson7f@nyu.edu', '', '', '959 Melby Alley', 'active', 0, NULL, '2022-05-13 08:46:12', '0000-00-00 00:00:00', 0),
(270, 269, 'Janis', 'jphebee7g@ebay.co.uk', '', '', '4399 Golf Course Trail', 'active', 0, NULL, '2022-05-13 08:46:12', '0000-00-00 00:00:00', 0),
(271, 270, 'Raquel', 'rhrycek7h@shutterfly.com', '', '', '5 2nd Drive', 'active', 0, NULL, '2022-05-13 08:46:12', '0000-00-00 00:00:00', 0),
(272, 271, 'Bevon', 'bcoie7i@baidu.com', '', '', '08 Merrick Junction', 'active', 0, NULL, '2022-05-13 08:46:12', '0000-00-00 00:00:00', 0),
(273, 272, 'Cletus', 'cklessmann7j@businessinsider.com', '', '', '6642 Warner Parkway', 'active', 0, NULL, '2022-05-13 08:46:12', '0000-00-00 00:00:00', 0),
(274, 273, 'Marcello', 'mgaymer7k@weebly.com', '', '', '37485 Kedzie Trail', 'active', 0, NULL, '2022-05-13 08:46:12', '0000-00-00 00:00:00', 0),
(275, 274, 'Aili', 'avedenisov7l@independent.co.uk', '', '', '9648 Muir Pass', 'active', 0, NULL, '2022-05-13 08:46:12', '0000-00-00 00:00:00', 0),
(276, 275, 'Torrey', 'trustich7m@bing.com', '', '', '38418 Harper Junction', 'active', 0, NULL, '2022-05-13 08:46:12', '0000-00-00 00:00:00', 0),
(277, 276, 'Bear', 'bhacking7n@yandex.ru', '', '', '2 Magdeline Parkway', 'active', 0, NULL, '2022-05-13 08:46:12', '0000-00-00 00:00:00', 0),
(278, 277, 'Cindie', 'ckeveren7o@youku.com', '', '', '10 Marquette Place', 'active', 0, NULL, '2022-05-13 08:46:12', '0000-00-00 00:00:00', 0),
(279, 278, 'Dorothea', 'dsingleton7p@imdb.com', '', '', '64 Goodland Circle', 'active', 0, NULL, '2022-05-13 08:46:12', '0000-00-00 00:00:00', 0),
(280, 279, 'Antoinette', 'aatwool7q@godaddy.com', '', '', '9724 Loomis Circle', 'active', 0, NULL, '2022-05-13 08:46:12', '0000-00-00 00:00:00', 0),
(281, 280, 'Talia', 'tdive7r@opera.com', '', '', '307 Farragut Place', 'active', 0, NULL, '2022-05-13 08:46:12', '0000-00-00 00:00:00', 0),
(282, 281, 'Arabele', 'agiffon7s@globo.com', '', '', '1 Lindbergh Road', 'active', 0, NULL, '2022-05-13 08:46:12', '0000-00-00 00:00:00', 0),
(283, 282, 'Almeda', 'aprimrose7t@jugem.jp', '', '', '14545 Armistice Alley', 'active', 0, NULL, '2022-05-13 08:46:12', '0000-00-00 00:00:00', 0),
(284, 283, 'Gerardo', 'gclaricoats7u@nba.com', '', '', '47099 Browning Trail', 'active', 0, NULL, '2022-05-13 08:46:12', '0000-00-00 00:00:00', 0),
(285, 284, 'Joachim', 'jmagnar7v@topsy.com', '', '', '36164 Mariners Cove Drive', 'active', 0, NULL, '2022-05-13 08:46:12', '0000-00-00 00:00:00', 0),
(286, 285, 'Dorris', 'dpeacop7w@addthis.com', '', '', '83502 Kim Drive', 'active', 0, NULL, '2022-05-13 08:46:12', '0000-00-00 00:00:00', 0),
(287, 286, 'Sherm', 'ssanday7x@bizjournals.com', '', '', '2252 Commercial Avenue', 'active', 0, NULL, '2022-05-13 08:46:12', '0000-00-00 00:00:00', 0),
(288, 287, 'Reinhold', 'rclements7y@tripadvisor.com', '', '', '6 Doe Crossing Junction', 'active', 0, NULL, '2022-05-13 08:46:12', '0000-00-00 00:00:00', 0),
(289, 288, 'Pate', 'pcastagnet7z@dmoz.org', '', '', '94495 Acker Junction', 'active', 0, NULL, '2022-05-13 08:46:12', '0000-00-00 00:00:00', 0),
(290, 289, 'Shelbi', 'scraister80@imageshack.us', '', '', '246 Dovetail Terrace', 'active', 0, NULL, '2022-05-13 08:46:12', '0000-00-00 00:00:00', 0),
(291, 290, 'Lexis', 'lbynert81@reverbnation.com', '', '', '2293 Northwestern Center', 'active', 0, NULL, '2022-05-13 08:46:12', '0000-00-00 00:00:00', 0),
(292, 291, 'Franzen', 'faspital82@ucsd.edu', '', '', '25093 Sage Street', 'active', 0, NULL, '2022-05-13 08:46:12', '0000-00-00 00:00:00', 0),
(293, 292, 'Aube', 'asweeting83@scribd.com', '', '', '01335 Tomscot Road', 'active', 0, NULL, '2022-05-13 08:46:12', '0000-00-00 00:00:00', 0),
(294, 293, 'Ricoriki', 'rkinch84@github.com', '', '', '72843 Florence Avenue', 'active', 0, NULL, '2022-05-13 08:46:12', '0000-00-00 00:00:00', 0),
(295, 294, 'Lorette', 'lpearcey85@wsj.com', '', '', '73458 Forest Alley', 'active', 0, NULL, '2022-05-13 08:46:12', '0000-00-00 00:00:00', 0),
(296, 295, 'Fonsie', 'fspanswick86@china.com.cn', '', '', '624 Darwin Road', 'active', 0, NULL, '2022-05-13 08:46:12', '0000-00-00 00:00:00', 0),
(297, 296, 'Berny', 'bwhittles87@sphinn.com', '', '', '6 Hanson Center', 'active', 0, NULL, '2022-05-13 08:46:12', '0000-00-00 00:00:00', 0),
(298, 297, 'Aubree', 'abatchley88@facebook.com', '', '', '457 Brentwood Way', 'active', 0, NULL, '2022-05-13 08:46:12', '0000-00-00 00:00:00', 0),
(299, 298, 'Nicki', 'ngadney89@amazon.com', '', '', '291 Hallows Court', 'active', 0, NULL, '2022-05-13 08:46:12', '0000-00-00 00:00:00', 0),
(300, 299, 'Flore', 'fstudart8a@census.gov', '', '', '8 Saint Paul Terrace', 'active', 0, NULL, '2022-05-13 08:46:12', '0000-00-00 00:00:00', 0);

-- --------------------------------------------------------

--
-- Структура на таблица `user_session`
--

DROP TABLE IF EXISTS `user_session`;
CREATE TABLE `user_session` (
  `Id` int(11) NOT NULL,
  `user_id` int(11) NOT NULL,
  `hash` varchar(255) NOT NULL,
  `expires_at` datetime NOT NULL,
  `created_at` datetime NOT NULL
) ENGINE=InnoDB DEFAULT CHARSET=utf8;

--
-- Схема на данните от таблица `user_session`
--

INSERT INTO `user_session` (`Id`, `user_id`, `hash`, `expires_at`, `created_at`) VALUES
(11, 1, '201fdc4e6940463e70fbe8e5ed77de10d564411eba203a0e00b03b5c3e4bb863', '2022-06-12 12:06:23', '0000-00-00 00:00:00'),
(13, 1, '1410ceb1661a87850e5034d3c16e77dad702c0e5cbeb73a92611d93e05dab501', '2022-06-13 08:43:01', '0000-00-00 00:00:00'),
(15, 1, '746c7cf0abe3b1cc18d441062af5cf10872b7987fd47c3884defed004ea2afc6', '2022-06-13 12:13:20', '0000-00-00 00:00:00'),
(17, 1, 'd6d09cf93fcbefafda2a832a790a44961c6fd7a0fb4a4043379211fe8a9b5de4', '2022-06-13 14:09:27', '0000-00-00 00:00:00');

--
-- Indexes for dumped tables
--

--
-- Индекси за таблица `client`
--
ALTER TABLE `client`
  ADD PRIMARY KEY (`Id`);

--
-- Индекси за таблица `message`
--
ALTER TABLE `message`
  ADD PRIMARY KEY (`Id`);

--
-- Индекси за таблица `permission`
--
ALTER TABLE `permission`
  ADD PRIMARY KEY (`Id`);

--
-- Индекси за таблица `project`
--
ALTER TABLE `project`
  ADD PRIMARY KEY (`Id`);

--
-- Индекси за таблица `role`
--
ALTER TABLE `role`
  ADD PRIMARY KEY (`Id`);

--
-- Индекси за таблица `role_permission`
--
ALTER TABLE `role_permission`
  ADD PRIMARY KEY (`Id`);

--
-- Индекси за таблица `users`
--
ALTER TABLE `users`
  ADD PRIMARY KEY (`Id`);

--
-- Индекси за таблица `user_session`
--
ALTER TABLE `user_session`
  ADD PRIMARY KEY (`Id`);

--
-- AUTO_INCREMENT for dumped tables
--

--
-- AUTO_INCREMENT for table `client`
--
ALTER TABLE `client`
  MODIFY `Id` int(11) UNSIGNED NOT NULL AUTO_INCREMENT;

--
-- AUTO_INCREMENT for table `message`
--
ALTER TABLE `message`
  MODIFY `Id` int(11) NOT NULL AUTO_INCREMENT, AUTO_INCREMENT=2;

--
-- AUTO_INCREMENT for table `permission`
--
ALTER TABLE `permission`
  MODIFY `Id` int(11) NOT NULL AUTO_INCREMENT, AUTO_INCREMENT=5;

--
-- AUTO_INCREMENT for table `project`
--
ALTER TABLE `project`
  MODIFY `Id` int(11) NOT NULL AUTO_INCREMENT;

--
-- AUTO_INCREMENT for table `role`
--
ALTER TABLE `role`
  MODIFY `Id` int(11) NOT NULL AUTO_INCREMENT, AUTO_INCREMENT=7;

--
-- AUTO_INCREMENT for table `role_permission`
--
ALTER TABLE `role_permission`
  MODIFY `Id` int(11) UNSIGNED NOT NULL AUTO_INCREMENT, AUTO_INCREMENT=11;

--
-- AUTO_INCREMENT for table `users`
--
ALTER TABLE `users`
  MODIFY `Id` int(11) NOT NULL AUTO_INCREMENT, AUTO_INCREMENT=502;

--
-- AUTO_INCREMENT for table `user_session`
--
ALTER TABLE `user_session`
  MODIFY `Id` int(11) NOT NULL AUTO_INCREMENT, AUTO_INCREMENT=18;
COMMIT;

/*!40101 SET CHARACTER_SET_CLIENT=@OLD_CHARACTER_SET_CLIENT */;
/*!40101 SET CHARACTER_SET_RESULTS=@OLD_CHARACTER_SET_RESULTS */;
/*!40101 SET COLLATION_CONNECTION=@OLD_COLLATION_CONNECTION */;
